Title,Abstract,text,doc_id
Educational Cooperation Between Church and State,"""Congress shall make no law respecting an establishment of religion, or prohibiting the free exercise thereof. ...."" In a number of recent cases the Supreme Court has attempted to determine, in specific references, the present meaning of those words. The writer of this paper would like to record, concerning opinions expressed by members of the Court in the discussion of these cases, some reflections which have arisen out of a long participation in the teaching of American college and adult classes.","Educational Cooperation Between Church and State. ""Congress shall make no law respecting an establishment of religion, or prohibiting the free exercise thereof. ...."" In a number of recent cases the Supreme Court has attempted to determine, in specific references, the present meaning of those words. The writer of this paper would like to record, concerning opinions expressed by members of the Court in the discussion of these cases, some reflections which have arisen out of a long participation in the teaching of American college and adult classes.",Doc_1
Infidels and the Damn Churches,"British Columbia is at the forefront of a secularizing movement in the English-speaking world. Nearly half its residents claim no religious affiliation, and the province has the highest rate of unbelief or religious indifference in Canada. Infidels and the Damn Churches explores the historical roots of this phenomenon from the 1880s to the First World War. Lynne Marks reveals that class and racial tensions fuelled irreligion in a world populated by embattled ministers, militant atheists, turn-of-the-century New Agers, rough-living miners, Asian immigrants, and church-going settler women. White, working-class men often arrived in the province alone and identified the church with their exploitative employers. At the same time, BC’s anti-Asian and anti-Indigenous racism meant that their “whiteness” alone could define them as respectable, without the need for church affiliation. Consequently, although Christianity retained major social power elsewhere, many people in BC found the freedom to forgo church attendance or espouse atheist views. This nuanced study of mobility, gender, masculinity, and family in settler BC offers new insights into BC’s distinctive culture and into the beginnings of what has become an increasingly dominant secular worldview across Canada.","Infidels and the Damn Churches. British Columbia is at the forefront of a secularizing movement in the English-speaking world. Nearly half its residents claim no religious affiliation, and the province has the highest rate of unbelief or religious indifference in Canada. Infidels and the Damn Churches explores the historical roots of this phenomenon from the 1880s to the First World War. Lynne Marks reveals that class and racial tensions fuelled irreligion in a world populated by embattled ministers, militant atheists, turn-of-the-century New Agers, rough-living miners, Asian immigrants, and church-going settler women. White, working-class men often arrived in the province alone and identified the church with their exploitative employers. At the same time, BC’s anti-Asian and anti-Indigenous racism meant that their “whiteness” alone could define them as respectable, without the need for church affiliation. Consequently, although Christianity retained major social power elsewhere, many people in BC found the freedom to forgo church attendance or espouse atheist views. This nuanced study of mobility, gender, masculinity, and family in settler BC offers new insights into BC’s distinctive culture and into the beginnings of what has become an increasingly dominant secular worldview across Canada.",Doc_2
Vaccine Exemptions and the Church-State Problem.,"All of the 50 states of the United States have laws governing childhood vaccinations; 48 allow for religious exemptions, while 19 also offer exemptions based on some sort of personal philosophy. Recent disease outbreaks have caused these states to reconsider philosophical exemptions. However, we cannot, consistent with the U.S. Constitution, give preference to religion by creating religious exemptions only. The Constitution requires states to put religious and nonreligious claims on equal footing. Given the ubiquity of nonreligious objections to vaccination, I conclude that the best response is to remove all exemptions, as two states have already done. But removing exemptions should not end our concern for children. Removing exemptions only bars children from public schools; it still leaves them unvaccinated, a danger to others, and reliant on whatever nonpublic schooling is available. If public school attendance is not enough of an incentive for vaccine reluctant parents, perhaps we should look into stronger measures.","Vaccine Exemptions and the Church-State Problem.. All of the 50 states of the United States have laws governing childhood vaccinations; 48 allow for religious exemptions, while 19 also offer exemptions based on some sort of personal philosophy. Recent disease outbreaks have caused these states to reconsider philosophical exemptions. However, we cannot, consistent with the U.S. Constitution, give preference to religion by creating religious exemptions only. The Constitution requires states to put religious and nonreligious claims on equal footing. Given the ubiquity of nonreligious objections to vaccination, I conclude that the best response is to remove all exemptions, as two states have already done. But removing exemptions should not end our concern for children. Removing exemptions only bars children from public schools; it still leaves them unvaccinated, a danger to others, and reliant on whatever nonpublic schooling is available. If public school attendance is not enough of an incentive for vaccine reluctant parents, perhaps we should look into stronger measures.",Doc_3
More evidence on U.S. Catholic church attendance,"Hadaway, Marler et Chaves ont recemment affirme que la participation hebdomadaire aux services religieux aux Etats-Unis est de moitie moins importante que le taux generalement accepte. Au sujet des catholiques, leur resultat est base sur des donnees provenant de 18 dioceses. L'A. a voulu elargir le champ de recherche en utilisant les donnees de 48 dioceses catholiques comportant approximativement 38% de catholiques americains. Les resultats sont les memes: la participation hebdomadaire dans ces dioceses est de 26%. Ces resultats sont un point de depart pour affirmer que les taux de participation bases sur des donnees auto-reportees, sont largement gonfles","More evidence on U.S. Catholic church attendance. Hadaway, Marler et Chaves ont recemment affirme que la participation hebdomadaire aux services religieux aux Etats-Unis est de moitie moins importante que le taux generalement accepte. Au sujet des catholiques, leur resultat est base sur des donnees provenant de 18 dioceses. L'A. a voulu elargir le champ de recherche en utilisant les donnees de 48 dioceses catholiques comportant approximativement 38% de catholiques americains. Les resultats sont les memes: la participation hebdomadaire dans ces dioceses est de 26%. Ces resultats sont un point de depart pour affirmer que les taux de participation bases sur des donnees auto-reportees, sont largement gonfles",Doc_4
Church and Organ Music. Church Music: The Use of Bands,"JSTOR is a not-for-profit service that helps scholars, researchers, and students discover, use, and build upon a wide range of content in a trusted digital archive. We use information technology and tools to increase productivity and facilitate new forms of scholarship. For more information about JSTOR, please contact","Church and Organ Music. Church Music: The Use of Bands. JSTOR is a not-for-profit service that helps scholars, researchers, and students discover, use, and build upon a wide range of content in a trusted digital archive. We use information technology and tools to increase productivity and facilitate new forms of scholarship. For more information about JSTOR, please contact",Doc_5
Experiments in Church-Based Research,"<p>Experiments, with their ability to establish causal relationships (unlike correlational studies), are an under-utilized research tool in church-based research. This article examines experimental designs, including pre-experiments, true experiments, and quasi-experiments, and their relevance to church contexts. The challenges of random assignment, ethical considerations, and threats to validity, such as history, maturation, and selection effects, are real, but not insurmountable. There are practical limitations to experiments in church settings, but previously conducted experiments focusing on Bible reading, church attendance, and leadership development initiatives demonstrate their feasibility. The value of experimental methodologies for understanding church-related phenomena, improving ministry effectiveness, fostering spiritual growth, and ultimately contributing to fulfilling the Great Commission should not be underestimated.</p>","Experiments in Church-Based Research. <p>Experiments, with their ability to establish causal relationships (unlike correlational studies), are an under-utilized research tool in church-based research. This article examines experimental designs, including pre-experiments, true experiments, and quasi-experiments, and their relevance to church contexts. The challenges of random assignment, ethical considerations, and threats to validity, such as history, maturation, and selection effects, are real, but not insurmountable. There are practical limitations to experiments in church settings, but previously conducted experiments focusing on Bible reading, church attendance, and leadership development initiatives demonstrate their feasibility. The value of experimental methodologies for understanding church-related phenomena, improving ministry effectiveness, fostering spiritual growth, and ultimately contributing to fulfilling the Great Commission should not be underestimated.</p>",Doc_6
Church Leaders’ Views of Obesity Prevention Efforts for Children and Youth,"Abstract Objective To examine church leaders’ views on the role of faith-based organizations in promoting healthy eating and physical activity in children. Design Qualitative research using semi-structured in-depth interviews. Setting South Carolina. Participants Leaders (n = 26) from United Methodist churches (n = 20). Phenomenon of Interest Perceptions of health promotion efforts for children in faith-based settings, including primary health concerns, perceived opportunities, partnerships, and the relationship of these efforts to the overall church mission. Analysis Interviews were transcribed verbatim and coded using a constant comparative method. Results Five themes emerged related to (1) multiple concerns about health issues facing children; (2) existing church structures influencing health behaviors; (3) potential partnerships to address children's health; (4) importance of role models; and (5) the need for a tailored approach. Conclusions and Implications Church leaders viewed childhood health behaviors as an important area of concern for the church and identified links between physical and spiritual health. They identified multiple existing and potential organizational and community structures as important in improving healthy eating and physical activity. Faith-based organizations can play an important role in developing and delivering health programming for children but desired assistance through partnerships with subject matter experts.","Church Leaders’ Views of Obesity Prevention Efforts for Children and Youth. Abstract Objective To examine church leaders’ views on the role of faith-based organizations in promoting healthy eating and physical activity in children. Design Qualitative research using semi-structured in-depth interviews. Setting South Carolina. Participants Leaders (n = 26) from United Methodist churches (n = 20). Phenomenon of Interest Perceptions of health promotion efforts for children in faith-based settings, including primary health concerns, perceived opportunities, partnerships, and the relationship of these efforts to the overall church mission. Analysis Interviews were transcribed verbatim and coded using a constant comparative method. Results Five themes emerged related to (1) multiple concerns about health issues facing children; (2) existing church structures influencing health behaviors; (3) potential partnerships to address children's health; (4) importance of role models; and (5) the need for a tailored approach. Conclusions and Implications Church leaders viewed childhood health behaviors as an important area of concern for the church and identified links between physical and spiritual health. They identified multiple existing and potential organizational and community structures as important in improving healthy eating and physical activity. Faith-based organizations can play an important role in developing and delivering health programming for children but desired assistance through partnerships with subject matter experts.",Doc_7
"Church attendance, denomination, and suicide ideology.","The influence of religion on attitudes toward suicide was explored, using a representative sample (N = 2,034) of 15- to 30-year-old Germans. The dependent variable was approval vs. disapproval of suicide in hopeless situations. A logit model that fits the data includes the variables of denomination, church attendance, education, and suicide of an acquaintance as well as a Church Attendance x Suicide of an Acquaintance interaction. Gender did not improve the fit of the model. The results of the analysis indicated that church attendance and Catholicism decreased support for suicide. The effect of religiosity on attitudes about suicide was not affected by gender or by education. Language: en","Church attendance, denomination, and suicide ideology.. The influence of religion on attitudes toward suicide was explored, using a representative sample (N = 2,034) of 15- to 30-year-old Germans. The dependent variable was approval vs. disapproval of suicide in hopeless situations. A logit model that fits the data includes the variables of denomination, church attendance, education, and suicide of an acquaintance as well as a Church Attendance x Suicide of an Acquaintance interaction. Gender did not improve the fit of the model. The results of the analysis indicated that church attendance and Catholicism decreased support for suicide. The effect of religiosity on attitudes about suicide was not affected by gender or by education. Language: en",Doc_8
Migrant Status and Church Attendance,"Analysis of the responses of a combined sample of 3,083 residents of a large mnetropolis was made to investigate the relationship between migrant status and church attendance. Church attendance rates for various types of migrants (urban and rural) were compared to each other and to those of the natives controlling for age, length of residence, region of origin, religion, sex, and socioeconomic status. A consistent pattern of migrants differentials was found among migrants of recent residence. Such findings were interpreted as being related to the importance of the urban church as an integratinig mechanism so that the groups best equipped and nmost in need of such a mechanism will show the highest rates of attendance.","Migrant Status and Church Attendance. Analysis of the responses of a combined sample of 3,083 residents of a large mnetropolis was made to investigate the relationship between migrant status and church attendance. Church attendance rates for various types of migrants (urban and rural) were compared to each other and to those of the natives controlling for age, length of residence, region of origin, religion, sex, and socioeconomic status. A consistent pattern of migrants differentials was found among migrants of recent residence. Such findings were interpreted as being related to the importance of the urban church as an integratinig mechanism so that the groups best equipped and nmost in need of such a mechanism will show the highest rates of attendance.",Doc_9
Church Connectedness and Psychological Well-Being of Catholic Faithful in the Diocese of Bacolod,"This study aimed to determine the degree of perceived church connectedness and the level of psychological well-being of the Catholic faithful in the Vicariate of Bago, Diocese of Bacolod as a whole and according to the demographics.  A descriptive-correlational research design was utilized to know the degree of church connectedness and its relationship to the level of psychological well-being of the respondents. The investigation used a researcher-made Church Connectedness Scale and the Flourishing Scale (FS). Results revealed a somewhat high degree of church connectedness and a high level of psychological well- being among respondents. Church connectedness is significantly correlated with age and mass attendance while psychological well-being is associated with organization and ministry affiliation. The weak significant relationship between church connectedness and psychological well-being has implications on the development of the said variables among the Catholic faithful.","Church Connectedness and Psychological Well-Being of Catholic Faithful in the Diocese of Bacolod. This study aimed to determine the degree of perceived church connectedness and the level of psychological well-being of the Catholic faithful in the Vicariate of Bago, Diocese of Bacolod as a whole and according to the demographics.  A descriptive-correlational research design was utilized to know the degree of church connectedness and its relationship to the level of psychological well-being of the respondents. The investigation used a researcher-made Church Connectedness Scale and the Flourishing Scale (FS). Results revealed a somewhat high degree of church connectedness and a high level of psychological well- being among respondents. Church connectedness is significantly correlated with age and mass attendance while psychological well-being is associated with organization and ministry affiliation. The weak significant relationship between church connectedness and psychological well-being has implications on the development of the said variables among the Catholic faithful.",Doc_10
Church History 501,"This course is an introduction to the development of the Christian church from the Apostolic Period to the dawn of the Reformation. Emphasis is placed upon the central historical movements, figures, and theological issues of the period from the global perspective, with attention to their relevance for contemporary Christian ministry. Major primary texts and interpretive studies will be read and reflected. Course Assignments, Requirements, and Evaluation 1. Class Attendance and Participation (10%) 2. A Reading Report and Discussion from Reading Assignment (10%) 3. A Historical/Theological Biography (5%) Write a 2-3 page theological history (a personal inventory in the ecclesiological and/or movement context), reflecting your own journey around Christian communities (traditions, churches, mission organizations, para-church movements and so on). What might be one or two central theological themes that have given you interests, questions, and challenges in your life, study, and ministry (history and contemporary relevance)? Due: Sep 11 4. Two Reflection Papers (35%) Choosing from primary source listings, each student is required to write two Reflection Papers. Each paper should be written in 5-6 page length (typed and double-spaced) with historical/textual and/or critical theological analysis (see the handout 2). Due: Sep 25 (15%), Nov 20 (20%) 5. Two Take-Home Exams (40%) Take-home exams are to be answered in essay form. Due: Oct 23 (mid-term), Dec 13 (final)","Church History 501. This course is an introduction to the development of the Christian church from the Apostolic Period to the dawn of the Reformation. Emphasis is placed upon the central historical movements, figures, and theological issues of the period from the global perspective, with attention to their relevance for contemporary Christian ministry. Major primary texts and interpretive studies will be read and reflected. Course Assignments, Requirements, and Evaluation 1. Class Attendance and Participation (10%) 2. A Reading Report and Discussion from Reading Assignment (10%) 3. A Historical/Theological Biography (5%) Write a 2-3 page theological history (a personal inventory in the ecclesiological and/or movement context), reflecting your own journey around Christian communities (traditions, churches, mission organizations, para-church movements and so on). What might be one or two central theological themes that have given you interests, questions, and challenges in your life, study, and ministry (history and contemporary relevance)? Due: Sep 11 4. Two Reflection Papers (35%) Choosing from primary source listings, each student is required to write two Reflection Papers. Each paper should be written in 5-6 page length (typed and double-spaced) with historical/textual and/or critical theological analysis (see the handout 2). Due: Sep 25 (15%), Nov 20 (20%) 5. Two Take-Home Exams (40%) Take-home exams are to be answered in essay form. Due: Oct 23 (mid-term), Dec 13 (final)",Doc_11
A Church Choir in Mesopotamia,"JSTOR is a not-for-profit service that helps scholars, researchers, and students discover, use, and build upon a wide range of content in a trusted digital archive. We use information technology and tools to increase productivity and facilitate new forms of scholarship. For more information about JSTOR, please contact","A Church Choir in Mesopotamia. JSTOR is a not-for-profit service that helps scholars, researchers, and students discover, use, and build upon a wide range of content in a trusted digital archive. We use information technology and tools to increase productivity and facilitate new forms of scholarship. For more information about JSTOR, please contact",Doc_12
"Personality, Prayer, and Church Attendance Among 16- to 18-Year-Old Girls in England","(1994). Personality, Prayer, and Church Attendance Among 16- to 18-Year-Old Girls in England. The Journal of Social Psychology: Vol. 134, No. 2, pp. 243-246.","Personality, Prayer, and Church Attendance Among 16- to 18-Year-Old Girls in England. (1994). Personality, Prayer, and Church Attendance Among 16- to 18-Year-Old Girls in England. The Journal of Social Psychology: Vol. 134, No. 2, pp. 243-246.",Doc_13
"Church Attendance, Social Capital, and Black Voting Participation*","Objectives. We test the traditional studies of political participation that suggest enhanced education and income will help reduce the racial gap in voting.; ; ; ; Methods. We adopt a Bayesian model to test the impact of education and income on both black and white racial groups. We also link the explanation of black voting participation to social capital.; ; ; ; Results. We find that bonding and bridging social capital as well as human capital are all important in explaining white voting participation, but only bonding social capital, measured by church attendance, explained African-American voting participation.; ; ; ; Conclusions. We conclude that the utility of social capital theory and continuing significance of human capital theory must be considered in a racial context. In addition, our findings offer important implications about the continuing role of black churches for increasing social capital and political participation.","Church Attendance, Social Capital, and Black Voting Participation*. Objectives. We test the traditional studies of political participation that suggest enhanced education and income will help reduce the racial gap in voting.; ; ; ; Methods. We adopt a Bayesian model to test the impact of education and income on both black and white racial groups. We also link the explanation of black voting participation to social capital.; ; ; ; Results. We find that bonding and bridging social capital as well as human capital are all important in explaining white voting participation, but only bonding social capital, measured by church attendance, explained African-American voting participation.; ; ; ; Conclusions. We conclude that the utility of social capital theory and continuing significance of human capital theory must be considered in a racial context. In addition, our findings offer important implications about the continuing role of black churches for increasing social capital and political participation.",Doc_14
Interpreting statistics on church attendance: why more will mean less,"While overall numbers show decline, some congregations are growing and some are shrinking. A new typology suggests a hypothesis: the growth of some congregations is at the expense of others.","Interpreting statistics on church attendance: why more will mean less. While overall numbers show decline, some congregations are growing and some are shrinking. A new typology suggests a hypothesis: the growth of some congregations is at the expense of others.",Doc_15
The differential impact of religious preference and church attendance on attitudes toward abortion.,"The relationships among religious preference, church attendance, and the consequences of religion are explored in terms of the acceptance/rejection of the legalization of abortion. The analysis focuses upon the attitudinal consequences of religious preference and participation in religious services among a representative sample of white Protestant and Catholic adults. The findings indicate that religious preference and church attendance are not always mutually reinforcing in their consequences for secular life. Individuals who rank high on attendance tend to be members of ""moral communities"" reflecting anti-abortion positions, regardless of the degree of liberal ideologies normally associated with certain church or denominational preferences.","The differential impact of religious preference and church attendance on attitudes toward abortion.. The relationships among religious preference, church attendance, and the consequences of religion are explored in terms of the acceptance/rejection of the legalization of abortion. The analysis focuses upon the attitudinal consequences of religious preference and participation in religious services among a representative sample of white Protestant and Catholic adults. The findings indicate that religious preference and church attendance are not always mutually reinforcing in their consequences for secular life. Individuals who rank high on attendance tend to be members of ""moral communities"" reflecting anti-abortion positions, regardless of the degree of liberal ideologies normally associated with certain church or denominational preferences.",Doc_16
"Gladstone, church and state","For almost a century — perhaps from the repeal of the Test and Corporation Acts in 1828 until Welsh disestablishment in 1919 — the question of the relationship between the state (and society) and the church (or churches) was a hot topic. Over a similar period after Welsh disestablishment, it was nothing of the sort. But towards the end of the twentieth century there was a change. It came about for a number of reasons: constitutional adjustments, especially reform of the House of Lords; the New Labour emphasis on ‘multiculturalism’; the apparently irresistible decline in church attendance; the widespread triumph of moral relativism; the growth and implications of Islamic fundamentalism; and the changing balance within the Anglican Communion worldwide. In 1998 Lord Williams told the House of Lords, in response to a question from Lord Waddington: ‘the Government have no plans to introduce legislation to disestablish the Church of England. We would not contemplate disestablishment unless the Church wished it, and it has not told us that it does.’1 Four years later, their lordships spent three hours on a church and state debate.2 In the early years of the twenty-first century, it seemed possible that the area of debate which so exercised Gladstone during his half-century in the Commons might once again become a live issue.","Gladstone, church and state. For almost a century — perhaps from the repeal of the Test and Corporation Acts in 1828 until Welsh disestablishment in 1919 — the question of the relationship between the state (and society) and the church (or churches) was a hot topic. Over a similar period after Welsh disestablishment, it was nothing of the sort. But towards the end of the twentieth century there was a change. It came about for a number of reasons: constitutional adjustments, especially reform of the House of Lords; the New Labour emphasis on ‘multiculturalism’; the apparently irresistible decline in church attendance; the widespread triumph of moral relativism; the growth and implications of Islamic fundamentalism; and the changing balance within the Anglican Communion worldwide. In 1998 Lord Williams told the House of Lords, in response to a question from Lord Waddington: ‘the Government have no plans to introduce legislation to disestablish the Church of England. We would not contemplate disestablishment unless the Church wished it, and it has not told us that it does.’1 Four years later, their lordships spent three hours on a church and state debate.2 In the early years of the twenty-first century, it seemed possible that the area of debate which so exercised Gladstone during his half-century in the Commons might once again become a live issue.",Doc_17
Relationship Between Church Attendance and Authoritarianism,"(1959). Relationship Between Church Attendance and Authoritarianism. Religious Education: Vol. 54, No. 4, pp. 369-371.","Relationship Between Church Attendance and Authoritarianism. (1959). Relationship Between Church Attendance and Authoritarianism. Religious Education: Vol. 54, No. 4, pp. 369-371.",Doc_18
"The association of attendance at religious services and involvement in church/religious activities and youth assets, by gender, with youth's engagement in sexual intercourse","Purpose – Previous research has shown that religion plays a role in the lives of many youths. This paper aims to extend previous research and examine attendance at religious services and involvement in religious/church activities as separate items to determine if one aspect was more strongly associated with never having had sexual intercourse among youth in the USA. It also aims to consider the effect of other youth assets, and analyze all by gender.Design/methodology/approach – Cross‐sectional data were examined to assess youth assets and risk behaviors. Multivariate regression was used to determine whether the assets or religion questions were significant in the presence of the other assets/religion questions. The eight assets examined, in addition to church attendance and involvement in religious groups were adult role models, peer role models, family communication, involvement in sports and groups, community involvement, aspirations for the future, responsible choices, and good health – diet and exerc...","The association of attendance at religious services and involvement in church/religious activities and youth assets, by gender, with youth's engagement in sexual intercourse. Purpose – Previous research has shown that religion plays a role in the lives of many youths. This paper aims to extend previous research and examine attendance at religious services and involvement in religious/church activities as separate items to determine if one aspect was more strongly associated with never having had sexual intercourse among youth in the USA. It also aims to consider the effect of other youth assets, and analyze all by gender.Design/methodology/approach – Cross‐sectional data were examined to assess youth assets and risk behaviors. Multivariate regression was used to determine whether the assets or religion questions were significant in the presence of the other assets/religion questions. The eight assets examined, in addition to church attendance and involvement in religious groups were adult role models, peer role models, family communication, involvement in sports and groups, community involvement, aspirations for the future, responsible choices, and good health – diet and exerc...",Doc_19
Politics in the Church: For Whom Do Orthodox Priests Call to Vote?,"<jats:p>The article provides a study of the relationship between politics and religion in contemporary Russia. The authors analyze the materials of the survey “Socio-Political Preferences of Russian Society” (number of people identifying themselves as Orthodox believers N=2,735), which showed that at least 21.1% of the sample make decisions concerning their electoral choices under direct influence of priests and fellow parishioners. The authors reveal the political forces who are beneficiaries of the Orthodox vote. They conclude that although the ruling “United Russia” is the main befenifiary, the effectiveness of the political support by the clergy largely depends on church attendance. Authors show that public expression of the priest’s opinion on political issues during the sermon is not that efficient as in the situation when undecided believers turn to priests with questions on political issues. The support of “United Russia” becomes most efficient when believers discuss their electoral choices within their church community.</jats:p>","Politics in the Church: For Whom Do Orthodox Priests Call to Vote?. <jats:p>The article provides a study of the relationship between politics and religion in contemporary Russia. The authors analyze the materials of the survey “Socio-Political Preferences of Russian Society” (number of people identifying themselves as Orthodox believers N=2,735), which showed that at least 21.1% of the sample make decisions concerning their electoral choices under direct influence of priests and fellow parishioners. The authors reveal the political forces who are beneficiaries of the Orthodox vote. They conclude that although the ruling “United Russia” is the main befenifiary, the effectiveness of the political support by the clergy largely depends on church attendance. Authors show that public expression of the priest’s opinion on political issues during the sermon is not that efficient as in the situation when undecided believers turn to priests with questions on political issues. The support of “United Russia” becomes most efficient when believers discuss their electoral choices within their church community.</jats:p>",Doc_20
